GENE	Ntot_all	pe_all	XCIstate_all	Ntot_skew	pe_skew	XCIstate_skew
ABCB7	42	0.0952380952380952	S	26	0.153846153846154	S
ACOT9	79	0.0253164556962025	S	49	0.0408163265306122	S
ACSL4	28	0.142857142857143	S	20	0.15	S
AF196779.12|PRAF2|WDR45	4	0	S	3	0	S
AIFM1	94	0.0638297872340426	S	59	0.0508474576271187	S
AKAP17A	140	0.721428571428571	VE	85	0.976470588235294	E
ALG13	39	0.307692307692308	VE	24	0.5	VE
AMER1	5	0	S	4	0	S
AMMECR1	8	0.125	S	7	0.142857142857143	S
AMOT	6	0	S	4	0	S
AP1S2	1	0	S	1	0	S
APEX2	51	0.0196078431372549	S	31	0.032258064516129	S
APOO	92	0.0543478260869565	S	53	0.0754716981132076	S
APOOL	3	0	S	1	0	S
ARAF	12	0	S	10	0	S
ARHGAP4	129	0.10077519379845	S	83	0.120481927710843	S
ARHGAP6	11	0	S	6	0	S
ARHGEF6	19	0.0526315789473684	S	9	0.111111111111111	S
ARHGEF9	1	0	S			
ARMCX2	36	0.111111111111111	S	23	0.173913043478261	S
ARMCX3	100	0.05	S	64	0.078125	S
ARMCX5	12	0	S	8	0	S
ARMCX6	14	0.0714285714285714	S	8	0.125	S
ASMTL	125	0.72	VE	80	0.975	E
ATG4A	18	0	S	8	0	S
ATP11C	48	0.0208333333333333	S	32	0.03125	S
ATP6AP1	54	0.0555555555555556	S	35	0.0857142857142857	S
ATP6AP2	48	0.0625	S	32	0.0625	S
ATP7A	49	0.0816326530612245	S	33	0.121212121212121	S
ATRX	32	0.03125	S	23	0.0434782608695652	S
BCAP31	10	0.1	S	6	0	S
BCOR	20	0	S	12	0	S
BEX2	9	0	S	5	0	S
BEX4	17	0	S	13	0	S
BRCC3	52	0.0384615384615385	S	34	0.0588235294117647	S
BRWD3	9	0	S	4	0	S
BTK	124	0.145161290322581	S	77	0.194805194805195	S
C1GALT1C1	87	0.0229885057471264	S	56	0.0357142857142857	S
CA5BP1	24	0.625	VE	16	0.9375	E
CASK	2	0	S	1	0	S
CCDC22	75	0.0133333333333333	S	46	0.0217391304347826	S
CD99L2	145	0.0896551724137931	S	91	0.0989010989010989	S
CDK16	28	0.607142857142857	VE	17	0.823529411764706	E
CENPI	57	0.0175438596491228	S	37	0.027027027027027	S
CETN2	9	0	S	8	0	S
CFP	27	0.037037037037037	S	20	0.05	S
CHIC1	5	0	S	5	0	S
CHM	22	0.454545454545455	VE	18	0.555555555555556	VE
CHST7	2	0	S	2	0	S
CLIC2	40	0.2	S	25	0.32	VE
CMC4|MTCP1	2	0	S	1	0	S
COX7B	5	0	S	4	0	S
CSTF2	14	0	S	7	0	S
CTPS2	19	0.157894736842105	S	14	0.214285714285714	S
CUL4B	22	0.0454545454545455	S	14	0.0714285714285714	S
CXCR3	2	0.5	VE			
CXorf21	87	0.574712643678161	VE	50	0.84	E
CXorf38	28	0.464285714285714	VE	19	0.631578947368421	VE
CXorf40A	57	0.105263157894737	S	39	0.153846153846154	S
CXorf40B	32	0.25	S	20	0.4	VE
CXorf56	30	0.1	S	20	0.15	S
CXorf57	11	0.0909090909090909	S	9	0.111111111111111	S
CXorf65	1	0	S	1	0	S
CYBB	73	0.0410958904109589	S	47	0.0638297872340426	S
CYSLTR1	28	0	S	20	0	S
DDX26B	76	0.0263157894736842	S	48	0.0208333333333333	S
DDX3X	89	0.820224719101124	E	60	0.983333333333333	E
DHRSX	73	0.726027397260274	VE	51	0.92156862745098	E
DIAPH2	2	0	S	1	0	S
DKC1	60	0	S	35	0	S
DMD	80	0.2375	S	49	0.36734693877551	VE
DNASE1L1	71	0.0985915492957746	S	43	0.162790697674419	S
DNASE1L1|RPL10	51	0.0588235294117647	S	31	0.0967741935483871	S
DOCK11	75	0.08	S	44	0.113636363636364	S
DYNLT3	61	0.0327868852459016	S	33	0.0303030303030303	S
EBP	6	0	S	4	0	S
EDA2R	60	0.116666666666667	S	37	0.135135135135135	S
EIF1AX	104	0.403846153846154	VE	66	0.606060606060606	VE
EIF2S3	140	0.5	VE	82	0.780487804878049	E
EIF4A1P10	6	0	S	4	0	S
ELF4	153	0.0849673202614379	S	94	0.117021276595745	S
ELK1	32	0.09375	S	23	0.0869565217391304	S
EMD	19	0.210526315789474	S	11	0.272727272727273	VE
ENOX2	2	0	S	2	0	S
ERCC6L	30	0.0333333333333333	S	21	0.0476190476190476	S
FAAH2	1	0	S			
FAM104B	1	0	S			
FAM122B	29	0.0689655172413793	S	21	0.0952380952380952	S
FAM127A	3	0	S	2	0	S
FAM133A	1	1	E	1	1	E
FAM199X	47	0	S	29	0	S
FAM3A	79	0.0379746835443038	S	53	0.0377358490566038	S
FAM50A	10	0	S	7	0	S
FAM58A	4	0.25	S	4	0.25	S
FLNA	86	0.0813953488372093	S	58	0.103448275862069	S
FMR1	96	0.03125	S	54	0.0555555555555556	S
FOXO4	3	0	S	3	0	S
FTSJ1	29	0.0344827586206897	S	22	0.0454545454545455	S
FTX	8	0	S	6	0	S
FUNDC1	28	0.535714285714286	VE	16	0.9375	E
FUNDC2	4	0.25	S	3	0.333333333333333	VE
G6PD	65	0.0769230769230769	S	44	0.0681818181818182	S
GAPDHP65	1	0	S	1	0	S
GDI1	61	0.0655737704918033	S	39	0.0769230769230769	S
GEMIN8	11	0.545454545454545	VE	9	0.666666666666667	VE
GK	20	0	S	13	0	S
GLA	5	0	S	3	0	S
GLA|RPL36A-HNRNPH2	1	0	S	1	0	S
GNL3L	8	0.125	S	5	0.2	S
GPC4	11	0	S	8	0	S
GPKOW	24	0.0416666666666667	S	16	0.0625	S
GPR174	37	0.45945945945946	VE	24	0.666666666666667	VE
GPX1P1	8	0.125	S	5	0.2	S
GRIPAP1	100	0.06	S	57	0.087719298245614	S
GS1-358P8.4	86	0.0813953488372093	S	54	0.0925925925925926	S
GSPT2	18	0	S	12	0	S
GTPBP6	87	0.632183908045977	VE	54	0.925925925925926	E
HAUS7	75	0.0266666666666667	S	43	0.0465116279069768	S
HCCS	17	0.117647058823529	S	10	0.2	S
HCFC1	127	0.346456692913386	VE	80	0.4875	VE
HDAC6	14	0.214285714285714	S	8	0.25	S
HDAC8	39	0.0256410256410256	S	24	0.0416666666666667	S
HDHD1	159	0.842767295597484	E	101	0.99009900990099	E
HEPH	1	0	S	1	0	S
HMGB3	22	0	S	16	0	S
HMGN5	18	0	S	12	0	S
HNRNPH2	37	0.108108108108108	S	23	0.130434782608696	S
HPRT1	3	0	S	1	0	S
HSD17B10	1	1	E	1	1	E
HSPA8P1	31	0	S	16	0	S
HTATSF1	64	0	S	37	0	S
HUWE1	93	0.0752688172043011	S	55	0.127272727272727	S
IDH3G	16	0	S	11	0	S
IDS	164	0.0365853658536585	S	103	0.0388349514563107	S
IGBP1	18	0.0555555555555556	S	11	0.0909090909090909	S
IKBKG	1	0	S	1	0	S
IL1RAPL1	3	0.333333333333333	VE	1	1	E
IL2RG	4	0.25	S	2	0.5	VE
IL3RA	23	0.739130434782609	VE	17	0.941176470588235	E
IRAK1	98	0.0510204081632653	S	63	0.0634920634920635	S
ITM2A	139	0.0935251798561151	S	90	0.122222222222222	S
JPX	1	1	E	1	1	E
KDM5C	24	0.583333333333333	VE	11	0.909090909090909	E
KDM6A	58	0.655172413793103	VE	32	0.96875	E
KIF4A	31	0.0645161290322581	S	22	0.0909090909090909	S
KLF8	1	0	S			
KLHL15	22	0	S	14	0	S
KRBOX4	4	0	S	1	0	S
LAGE3	56	0.0357142857142857	S	35	0.0285714285714286	S
LAMP2	157	0.0318471337579618	S	95	0.0526315789473684	S
LAS1L	2	0	S	1	0	S
MAGEA3	1	1	E	1	1	E
MAGEA6	1	1	E	1	1	E
MAGED1	62	0.129032258064516	S	39	0.128205128205128	S
MAGED2	133	0.075187969924812	S	81	0.0740740740740741	S
MAGEH1	62	0.0483870967741936	S	44	0.0681818181818182	S
MAGT1	8	0	S	2	0	S
MAP3K15	1	0	S	1	0	S
MAP3K15|PDHA1	24	0.0833333333333333	S	14	0.142857142857143	S
MAP7D2	31	0.451612903225806	VE	19	0.526315789473684	VE
MAP7D3	82	0.0487804878048781	S	44	0.0909090909090909	S
MBNL3	63	0.0476190476190476	S	42	0.0714285714285714	S
MBTPS2	27	0.037037037037037	S	19	0.0526315789473684	S
MCTS1	3	0	S	2	0	S
MECP2	26	0	S	15	0	S
MED12	66	0.0606060606060606	S	41	0.0487804878048781	S
MED14	130	0.323076923076923	VE	79	0.493670886075949	VE
MID1IP1	12	0.0833333333333333	S	6	0	S
MMGT1	12	0	S	5	0	S
MORF4L2	83	0.036144578313253	S	49	0.0408163265306122	S
MOSPD2	5	0	S	4	0	S
MPP1	1	0	S	1	0	S
MSL3	117	0.683760683760684	VE	73	0.917808219178082	E
MSN	28	0.0714285714285714	S	16	0.0625	S
MST4	122	0.254098360655738	VE	79	0.354430379746835	VE
MTCP1	2	0	S	2	0	S
MTMR1	125	0.056	S	76	0.0921052631578947	S
NAA10	9	0.444444444444444	VE	5	0.8	E
NAP1L2	2	0	S	1	0	S
NDUFA1|RNF113A	27	0.037037037037037	S	19	0.0526315789473684	S
NDUFB11	1	0	S			
NDUFB11|RBM10	21	0.0476190476190476	S	14	0.0714285714285714	S
NKAP	2	0	S	2	0	S
NKRF	8	0.125	S	4	0.25	S
NONO	42	0	S	27	0	S
NSDHL	70	0.0285714285714286	S	45	0.0444444444444444	S
NUS1P1	38	0	S	24	0	S
NXT2	90	0.0333333333333333	S	54	0.037037037037037	S
OCRL	4	0	S	3	0	S
OFD1	6	0.833333333333333	E	6	0.833333333333333	E
OGT	22	0.0454545454545455	S	16	0.0625	S
OTUD5	20	0.2	S	12	0.333333333333333	VE
P2RY10	17	0.588235294117647	VE	11	0.909090909090909	E
P2RY8	108	0.722222222222222	VE	66	1	E
PBDC1	3	0	S	3	0	S
PDHA1	41	0.0487804878048781	S	23	0.0869565217391304	S
PDK3	3	0	S	1	0	S
PGK1	33	0.0606060606060606	S	24	0.0416666666666667	S
PGRMC1	25	0.08	S	17	0.0588235294117647	S
PHF16	2	0	S			
PHF6	105	0.0380952380952381	S	62	0.0483870967741936	S
PHF8	72	0.0277777777777778	S	44	0.0454545454545455	S
PHKA2	20	0.15	S	12	0.166666666666667	S
PIGA	34	0	S	23	0	S
PIM2	45	0.133333333333333	S	27	0.222222222222222	S
PIN4	41	0.146341463414634	S	28	0.214285714285714	S
PIR	107	0.102803738317757	S	65	0.153846153846154	S
PJA1	43	0	S	26	0	S
PLCXD1	76	0.671052631578947	VE	53	0.924528301886792	E
PLP2	5	0	S	1	0	S
PLS3	13	0	S	10	0	S
PLXNA3	14	0	S	9	0	S
PNPLA4	6	0.166666666666667	S	2	0.5	VE
POF1B	1	1	E	1	1	E
POLA1	49	0.0408163265306122	S	27	0.0740740740740741	S
PORCN	3	0	S	2	0	S
PPP1R3F	4	0	S	3	0	S
PPP2R3B	18	0.777777777777778	E	13	1	E
PQBP1	1	1	E	1	1	E
PRAF2	19	0.105263157894737	S	12	0.166666666666667	S
PRDX4	9	0	S	4	0	S
PRICKLE3	43	0.0697674418604651	S	27	0.111111111111111	S
PRKX	178	0.719101123595506	VE	110	0.972727272727273	E
PRPS1	8	0	S	6	0	S
PRPS2	91	0	S	56	0	S
PSMD10	1	0	S	1	0	S
RAB33A	9	0	S	6	0	S
RAB39B	14	0	S	11	0	S
RAB9A	13	0.384615384615385	VE	9	0.555555555555556	VE
RAP2C	21	0.0476190476190476	S	15	0.0666666666666667	S
RBBP7	13	0.0769230769230769	S	8	0.125	S
RBBP7|TXLNG	14	0.642857142857143	VE	9	1	E
RBM10	21	0.0476190476190476	S	12	0.0833333333333333	S
RBM3	62	0.112903225806452	S	43	0.162790697674419	S
RBM41	7	0.142857142857143	S	5	0	S
RBMX	24	0	S	12	0	S
RBMX2	4	0	S	2	0	S
RENBP	15	0.0666666666666667	S	11	0.0909090909090909	S
RLIM	37	0.0810810810810811	S	29	0.103448275862069	S
RNF113A	2	0	S	2	0	S
RP11-1148L6.5	90	0.1	S	55	0.0909090909090909	S
RP11-258C19.7	1	1	E	1	1	E
RP11-357C3.3	7	0	S	6	0	S
RP11-622K12.1	57	0.12280701754386	S	40	0.175	S
RP11-706O15.1	139	0.755395683453237	E	92	1	E
RP11-706O15.5	1	1	E	1	1	E
RP2	9	0.111111111111111	S	7	0.142857142857143	S
RP3-368A4.5	2	0	S	1	0	S
RP3-368A4.6	1	1	E	1	1	E
RP5-1000K24.2	1	0	S	1	0	S
RP6-105D16.1	88	0	S	54	0	S
RP6-99M1.2	1	0	S	1	0	S
RPGR	2	0	S	1	0	S
RPL10	61	0.0163934426229508	S	39	0.0256410256410256	S
RPL36A	3	0	S	1	0	S
RPL39	19	0.0526315789473684	S	14	0.0714285714285714	S
RPS4X	84	0.845238095238095	E	63	0.984126984126984	E
RPS6KA3	69	0.0434782608695652	S	44	0.0227272727272727	S
RRAGB	2	0	S	1	0	S
SASH3	139	0.237410071942446	S	80	0.3	VE
SAT1	72	0.0972222222222222	S	43	0.162790697674419	S
SATL1	1	0	S			
SCML1	1	0	S	1	0	S
SEPHS1P4	1	0	S	1	0	S
SEPT6	123	0.422764227642276	VE	79	0.556962025316456	VE
SH3BGRL	107	0.196261682242991	S	65	0.215384615384615	S
SH3KBP1	27	0.111111111111111	S	14	0.214285714285714	S
SLC10A3	13	0	S	4	0	S
SLC25A43	124	0.0564516129032258	S	81	0.0864197530864198	S
SLC25A5	54	0.037037037037037	S	30	0.0666666666666667	S
SLC25A6	92	0.869565217391304	E	55	1	E
SLC35A2	10	0	S	6	0	S
SLC38A5	33	0.0606060606060606	S	18	0.0555555555555556	S
SLC9A6	40	0.025	S	22	0.0454545454545455	S
SLC9A7	116	0.0172413793103448	S	67	0.0298507462686567	S
SMC1A	69	0.666666666666667	VE	43	0.930232558139535	E
SMS	34	0.0882352941176471	S	19	0.0526315789473684	S
SNX12	116	0.0344827586206897	S	66	0.0454545454545455	S
SOWAHD	2	0	S	2	0	S
SPIN3	2	0	S	1	0	S
SPIN4	7	0	S	4	0	S
SSR4	2	0	S	2	0	S
STAG2	7	0	S	4	0	S
STS	91	0.681318681318681	VE	59	0.966101694915254	E
SUV39H1	78	0.0384615384615385	S	53	0.0566037735849057	S
SYAP1	30	0.5	VE	18	0.833333333333333	E
TAB3	26	0.0384615384615385	S	13	0.0769230769230769	S
TAF1	20	0.05	S	13	0.0769230769230769	S
TAF9B	75	0.04	S	50	0.04	S
TAZ	7	0.142857142857143	S	6	0.166666666666667	S
TBC1D25	94	0.0531914893617021	S	59	0.0847457627118644	S
TBC1D8B	1	0	S	1	0	S
TBCAP1	78	0.0128205128205128	S	45	0.0222222222222222	S
TBL1X	109	0.073394495412844	S	68	0.0882352941176471	S
TCEAL1	3	0	S	2	0	S
TCEAL2	2	0	S	1	0	S
TCEAL3	20	0.05	S	13	0.0769230769230769	S
TCEAL4	110	0.0545454545454545	S	69	0.072463768115942	S
TCEAL8	7	0	S	5	0	S
TFE3	72	0	S	36	0	S
THOC2	22	0.0454545454545455	S	12	0	S
TIMM17B	72	0.0138888888888889	S	39	0	S
TIMM8A	5	0	S	2	0	S
TIMP1	119	0.0672268907563025	S	72	0.0555555555555556	S
TLR7	137	0.211678832116788	S	82	0.329268292682927	VE
TMEM164	53	0.0566037735849057	S	39	0.0769230769230769	S
TMEM187	1	0	S	1	0	S
TMLHE	3	0.333333333333333	VE	1	0	S
TMSB15B	1	0	S	1	0	S
TMSB4X	130	0.261538461538462	VE	83	0.385542168674699	VE
TRAPPC2	117	0.487179487179487	VE	76	0.710526315789474	VE
TREX2	1	0	S			
TRMT2B	60	0	S	38	0	S
TSC22D3	32	0.0625	S	22	0.0909090909090909	S
TSIX|XIST	140	0.0571428571428571	S	92	0.0760869565217391	S
TSPYL2	26	0.0769230769230769	S	19	0.0526315789473684	S
TSR2	39	0.0512820512820513	S	24	0.0416666666666667	S
TTC3P1	3	0	S	3	0	S
TXLNG	147	0.625850340136054	VE	93	0.913978494623656	E
UBA1	63	0.650793650793651	VE	39	0.948717948717949	E
UBE2A	13	0.153846153846154	S	9	0.222222222222222	S
UBL4A	57	0.0175438596491228	S	35	0	S
UBQLN2	4	0	S	2	0	S
UPF3B	25	0	S	18	0	S
UPRT	73	0.0273972602739726	S	46	0.0217391304347826	S
USP11	21	0.0952380952380952	S	13	0.0769230769230769	S
USP9X	66	0.53030303030303	VE	42	0.690476190476191	VE
UTP14A	43	0.116279069767442	S	26	0.153846153846154	S
UXT	1	0	S			
VBP1	73	0.0410958904109589	S	51	0.0392156862745098	S
VMA21	106	0.0660377358490566	S	69	0.0869565217391304	S
WAS	8	0.375	VE	6	0.5	VE
WASF4P	80	0.025	S	49	0.0408163265306122	S
WDR13	7	0.142857142857143	S	6	0.166666666666667	S
WDR44	13	0	S	8	0	S
WDR45	1	0	S	1	0	S
WWC3	91	0.0989010989010989	S	54	0.166666666666667	S
XIAP	140	0.0571428571428571	S	88	0.0568181818181818	S
XIST	85	0.0352941176470588	S	49	0.0612244897959184	S
YIPF6	2	0	S	1	0	S
ZBED1	160	0.71875	VE	93	0.989247311827957	E
ZBTB33	128	0.0234375	S	79	0.0379746835443038	S
ZC4H2	12	0	S	9	0	S
ZDHHC9	33	0.0303030303030303	S	23	0.0434782608695652	S
ZFX	114	0.68421052631579	VE	68	0.985294117647059	E
ZMYM3	45	0.0444444444444444	S	26	0.0384615384615385	S
ZNF182	1	0	S	1	0	S
ZNF275	123	0.0650406504065041	S	82	0.0975609756097561	S
ZNF41	12	0	S	10	0	S
ZNF75D	24	0.0416666666666667	S	17	0.0588235294117647	S
ZXDB	2	0	S	1	0	S
